{
    "Objects": [
       
          {
            "name": "Land_Static_An2",
            "pos": [
                5176.20361328125,
                9.582980155944825,
                2226.7353515625
            ],
            "ypr": [
                -179.99998474121095,
                0.0,
                0.0
            ],
            "scale": 0.9999985694885254,
            "enableCEPersistency": 0
        },
      
      
       {
            "name": "Land_Static_An2",
            "pos": [
                12339.6298828125,
                140.06051635742188,
                12409.1533203125
            ],
            "ypr": [
                -179.99998474121095,
                0.0,
                0.0
            ],
            "scale": 0.999998927116394,
            "enableCEPersistency": 0
        },
        {
            "name": "Land_Static_An2",
            "pos": [
                4320.7353515625,
                338.4142150878906,
                10449.1904296875
            ],
            "ypr": [
                -176.11277770996095,
                0.0,
                0.0
            ],
            "scale": 0.9999992847442627,
            "enableCEPersistency": 0
        }
    ]
}